<?xml version="1.0" encoding="UTF-8" standalone="no"?>
<!--
 XiPKI version 5.3.0
 Maximal column size: 4k
  - DB2: PAGESIZE 4 k
-->
<databaseChangeLog xmlns="http://www.liquibase.org/xml/ns/dbchangelog"
  xmlns:xsi="http://www.w3.org/2001/XMLSchema-instance"
  xsi:schemaLocation="http://www.liquibase.org/xml/ns/dbchangelog http://www.liquibase.org/xml/ns/dbchangelog/dbchangelog-3.4.xsd"
  logicalFilePath="ocsp-init.xml">
  <property name="x500name.type" value="VARCHAR(350)"/>
  <changeSet author="xipki" id="1">
    <!-- table DBSCHEMA -->
    <createTable tableName="DBSCHEMA" remarks="database schema information">
      <column name="NAME" type="VARCHAR(45)">
        <constraints primaryKey="true" nullable="false"/>
      </column>
      <column name="VALUE2" type="VARCHAR(100)">
        <constraints nullable="false"/>
      </column>
    </createTable>
    <insert tableName="DBSCHEMA">
      <column name="NAME" value="VENDOR"/>
      <column name="VALUE2" value="XIPKI"/>
    </insert>
    <insert tableName="DBSCHEMA">
      <column name="NAME" value="VERSION"/>
      <column name="VALUE2" value="4"/>
    </insert>
    <insert tableName="DBSCHEMA">
      <column name="NAME" value="X500NAME_MAXLEN"/>
      <!-- must be the length of x500name.type -->
      <column name="VALUE2" value="350"/>
    </insert>
    <insert tableName="DBSCHEMA">
      <column name="NAME" value="CERTHASH_ALGO"/>
      <column name="VALUE2" value="SHA256"/>
    </insert>
    <!-- table ISSUER -->
    <createTable tableName="ISSUER">
      <column name="ID" type="SMALLINT">
        <constraints primaryKey="true" nullable="false"/>
      </column>
      <column name="SUBJECT" type="${x500name.type}">
        <constraints nullable="false"/>
      </column>
      <column name="NBEFORE" type="BIGINT" remarks="notBefore of certificate, seconds since January 1, 1970, 00:00:00 GMT">
        <constraints nullable="false"/>
      </column>
      <column name="NAFTER" type="BIGINT" remarks="notAfter of certificate, seconds since January 1, 1970, 00:00:00 GMT">
        <constraints nullable="false"/>
      </column>
      <column name="S1C" type="CHAR(28)" remarks="base64 encoded SHA1 sum of the certificate">
        <constraints nullable="false"/>
      </column>
      <column name="REV_INFO" type="varchar(200)" remarks="CA revocation information">
      </column>
      <column name="CERT" type="VARCHAR(6000)">
        <constraints nullable="false"/>
      </column>
      <column name="CRL_ID" type="INT"
              remarks="CRL ID, only present for entry imported from CRL, and only if exactly one CRL is available for this CA">
      </column>
    </createTable>
    <createTable tableName="CRL_INFO">
      <column name="ID" type="INT">
        <constraints primaryKey="true" nullable="false"/>
      </column>
      <column name="NAME" type="VARCHAR(100)">
        <constraints nullable="false"/>
      </column>
      <column name="INFO" type="VARCHAR(1000)" remarks="CRL information">
        <constraints nullable="false"/>
      </column>
    </createTable>
    <!-- table CERT -->
    <createTable tableName="CERT" remarks="certificate information">
      <column name="ID" type="BIGINT">
        <constraints primaryKey="true" nullable="false"/>
      </column>
      <column name="IID" type="SMALLINT" remarks="issuer id">
        <constraints nullable="false"/>
      </column>
      <column name="SN" type="VARCHAR(40)" remarks="serial number">
        <constraints nullable="false"/>
      </column>
      <column name="CRL_ID" type="INT" remarks="CRL ID, only present for entry imported from CRL">
      </column>
      <column name="LUPDATE" type="BIGINT"
          remarks="last update of the this database entry, seconds since January 1, 1970, 00:00:00 GMT">
        <constraints nullable="false"/>
      </column>
      <column name="NBEFORE" type="BIGINT"
        remarks="notBefore of certificate, seconds since January 1, 1970, 00:00:00 GMT">
      </column>
      <column name="NAFTER" type="BIGINT"
        remarks="notAfter of certificate, seconds since January 1, 1970, 00:00:00 GMT">
      </column>
      <column name="REV" type="SMALLINT" remarks="whether the certificate is revoked">
        <constraints nullable="false"/>
      </column>
      <column name="RR" type="SMALLINT" remarks="revocation reason">
      </column>
      <column name="RT"  type="BIGINT" remarks="revocation time, seconds since January 1, 1970, 00:00:00 GMT">
      </column>
      <column name="RIT" type="BIGINT" remarks="revocation invalidity time, seconds since January 1, 1970, 00:00:00 GMT">
      </column>
      <!-- For maximal 512 bit hash value -->
      <column name="HASH" type="CHAR(86)"
              remarks="base64 encoded hash value of the DER encoded certificate. Algorithm is defined by CERTHASH_ALGO in table DBSchema">
      </column>
      <column name="SUBJECT" type="${x500name.type}" remarks="subject of the certificate">
      </column>
    </createTable>
    <addUniqueConstraint tableName="CERT" columnNames="IID, SN" constraintName="CONST_ISSUER_SN"/>
  </changeSet>
  <!-- foreign key -->
  <changeSet author="xipki" id="2">
    <addForeignKeyConstraint constraintName="FK_CERT_ISSUER1"
      deferrable="false" initiallyDeferred="false"
      onDelete="NO ACTION" onUpdate="NO ACTION"
      baseColumnNames="IID" baseTableName="CERT"
      referencedColumnNames="ID" referencedTableName="ISSUER"/>
    <addForeignKeyConstraint constraintName="FK_CERT_CRL1"
      deferrable="false" initiallyDeferred="false"
      onDelete="NO ACTION" onUpdate="NO ACTION"
      baseColumnNames="CRL_ID" baseTableName="CERT"
      referencedColumnNames="ID" referencedTableName="CRL_INFO"/>
    <addForeignKeyConstraint constraintName="FK_ISSUER_CRL1"
      deferrable="false" initiallyDeferred="false"
      onDelete="NO ACTION" onUpdate="NO ACTION"
      baseColumnNames="CRL_ID" baseTableName="ISSUER"
      referencedColumnNames="ID" referencedTableName="CRL_INFO"/>
  </changeSet>
</databaseChangeLog>
