<assembly xmlns="http://maven.apache.org/ASSEMBLY/2.0.0"
          xmlns:xsi="http://www.w3.org/2001/XMLSchema-instance"
          xsi:schemaLocation="http://maven.apache.org/ASSEMBLY/2.0.0 http://maven.apache.org/xsd/assembly-2.0.0.xsd">
  <id>main</id>
  <includeBaseDirectory>true</includeBaseDirectory>
  <formats>
    <format>zip</format>
  </formats>
  <dependencySets>
    <dependencySet>
      <useProjectArtifact>false</useProjectArtifact>
      <outputDirectory>lib</outputDirectory>
    </dependencySet>
  </dependencySets>
  <fileSets>
    <fileSet>
      <directory>src/assembly/unfiltered</directory>
      <includes>
        <include>*.sh</include>
      </includes>
      <outputDirectory>.</outputDirectory>
      <fileMode>0755</fileMode>
      <directoryMode>0755</directoryMode>
      <lineEnding>unix</lineEnding>
    </fileSet>
    <fileSet>
      <directory>src/assembly/unfiltered</directory>
      <includes>
        <include>INSTALL.md</include>
      </includes>
      <outputDirectory>.</outputDirectory>
      <fileMode>0644</fileMode>
      <directoryMode>0755</directoryMode>
    </fileSet>
    <fileSet>
      <directory>${project.build.directory}/t2</directory>
      <outputDirectory>files</outputDirectory>
      <fileMode>0644</fileMode>
      <directoryMode>0755</directoryMode>
    </fileSet>
  </fileSets>
</assembly>
