{
	"issuers":[{
		"name":"rootca",
		"cert":{
			"file":"output/rootca1.crt"
		},
		"validityMode":"cutoff",
		"caIssuerUrls":["http://myorg.org/rootca1.der"],
		"ocspUrls":["http://localhost:8080/ocsp/responder1"],
		"crlUrls":["http://localhost:8081/crl/?type=crl&name=rootca1"]
	},{
		"name":"ed-subca",
		"cert":{
			"file":"output/subca1.crt"
		},
		"validityMode":"cutoff",
		"caIssuerUrls":["http://myorg.org/subca1.der"],
		"ocspUrls":["http://localhost:8080/ocsp/responder1"],
		"crlUrls":["http://localhost:8081/crl/?type=crl&name=subca1"]
	},{
		"name":"cab-subca",
		"cert":{
			"file":"output/subca1.crt"
		},
		"validityMode":"cutoff",
		"caIssuerUrls":["http://myorg.org/subca1.der"],
		"ocspUrls":["http://localhost:8080/ocsp/responder1"],
		"crlUrls":["http://localhost:8081/crl/?type=crl&name=subca1"]
	},{
		"name":"subca",
		"cert":{
			"file":"output/subca1.crt"
		},
		"validityMode":"cutoff",
		"caIssuerUrls":["http://myorg.org/subca1.der"],
		"ocspUrls":["http://localhost:8080/ocsp/responder1"],
		"crlUrls":["http://localhost:8081/crl/?type=crl&name=subca1"]
	},{
		"name":"subcawithcrl",
		"cert":{
			"file":"output/subcawithcrl1.crt"
		},
		"validityMode":"lax",
		"caIssuerUrls":["http://myorg.org/subcawithcrl1.der"],
		"ocspUrls":["http://localhost:8080/ocsp/responder2"],
		"crlUrls":["http://localhost:8081/crl/?type=crl&name=subcawithcrl1"],
		"deltaCrlUrls":["http://localhost:8081/crl/?type=deltacrl&name=subcawithcrl1"]
	}],
	"certprofiles":[{
		"name":"rootca",
		"file":"qa/certprofile/certprofile-rootca.json"
	},{
		"name":"cross",
		"file":"qa/certprofile/certprofile-cross.json"
	},{
		"name":"subca",
		"file":"qa/certprofile/certprofile-subca.json"
	},{
		"name":"subca-complex",
		"file":"qa/certprofile/certprofile-subca-complex.json"
	},{
		"name":"ocsp",
		"file":"qa/certprofile/certprofile-ocsp.json"
	},{
		"name":"multiple-ous",
		"file":"qa/certprofile/certprofile-multiple-ous.json"
	},{
		"name":"multi-valued-rdn",
		"file":"qa/certprofile/certprofile-multi-valued-rdn.json"
	},{
		"name":"smime",
		"file":"qa/certprofile/certprofile-smime.json"
	},{
		"name":"smime-legacy",
		"file":"qa/certprofile/certprofile-smime-legacy.json"
	},{
		"name":"tls",
		"file":"qa/certprofile/certprofile-tls.json"
	},{
		"name":"tls-c",
		"file":"qa/certprofile/certprofile-tls-c.json"
	},{
		"name":"qc",
		"file":"qa/certprofile/certprofile-qc.json"
	},{
		"name":"ee-complex",
		"file":"qa/certprofile/certprofile-ee-complex.json"
	},{
		"name":"max-time",
		"file":"qa/certprofile/certprofile-max-time.json"
	},{
		"name":"gmt0015",
		"file":"qa/certprofile/certprofile-gmt0015.json"
	},{
		"name":"fixed-partial-subject",
		"file":"qa/certprofile/certprofile-fixed-partial-subject.json"
	},{
		"name":"ed25519",
		"file":"qa/certprofile/certprofile-ed25519.json"
	},{
		"name":"ed448",
		"file":"qa/certprofile/certprofile-ed448.json"
	},{
		"name":"x25519",
		"file":"qa/certprofile/certprofile-x25519.json"
	},{
		"name":"x448",
		"file":"qa/certprofile/certprofile-x448.json"
	},{
		"name":"cab-rootca",
		"file":"qa/certprofile/certprofile-cab-rootca.json"
	},{
		"name":"cab-subca",
		"file":"qa/certprofile/certprofile-cab-subca.json"
	},{
		"name":"cab-domain-validated",
		"file":"qa/certprofile/certprofile-cab-domain-validated.json"
	},{
		"name":"cab-org-validated",
		"file":"qa/certprofile/certprofile-cab-org-validated.json"
	},{
		"name":"cab-individual-validated",
		"file":"qa/certprofile/certprofile-cab-individual-validated.json"
	}]
}
