<assembly xmlns="http://maven.apache.org/ASSEMBLY/2.0.0"
    xmlns:xsi="http://www.w3.org/2001/XMLSchema-instance"
    xsi:schemaLocation="http://maven.apache.org/ASSEMBLY/2.0.0 http://maven.apache.org/xsd/assembly-2.0.0.xsd">
  <id>main</id>
  <includeBaseDirectory>true</includeBaseDirectory>
  <formats>
    <format>zip</format>
  </formats>
  <fileSets>
    <fileSet>
      <directory>${project.build.directory}</directory>
      <outputDirectory>.</outputDirectory>
      <includes>
        <include>install.sh</include>
        <include>tomcat/bin/*.sh</include>
      </includes>
      <fileMode>0755</fileMode>
      <directoryMode>0755</directoryMode>
      <lineEnding>unix</lineEnding>
    </fileSet>
    <fileSet>
      <directory>${project.build.directory}</directory>
      <outputDirectory>.</outputDirectory>
      <includes>
        <include>tomcat/bin/*.bat</include>
      </includes>
      <fileMode>0644</fileMode>
      <directoryMode>0755</directoryMode>
      <lineEnding>dos</lineEnding>
    </fileSet>
    <fileSet>
      <directory>${project.build.directory}</directory>
      <outputDirectory>.</outputDirectory>
      <includes>
        <include>tomcat/**</include>
        <include>tomcat8on/**</include>
        <include>tomcat10on/**</include>
      </includes>
      <excludes>
        <exclude>tomcat/bin/*.sh</exclude>
        <exclude>tomcat/bin/*.bat</exclude>
      </excludes>
      <fileMode>0644</fileMode>
      <directoryMode>0755</directoryMode>
    </fileSet>
    <fileSet>
      <directory>${project.build.directory}</directory>
      <includes>
        <include>README.md</include>
      </includes>
      <outputDirectory>.</outputDirectory>
      <fileMode>0644</fileMode>
      <directoryMode>0755</directoryMode>
    </fileSet>
    <fileSet>
      <directory>${project.build.directory}/tomcat/xipki/etc/acme/database/mariadb</directory>
      <outputDirectory>tomcat/xipki/etc/acme/database</outputDirectory>
      <includes>
        <include>acme-db.properties</include>
      </includes>
      <fileMode>0644</fileMode>
    </fileSet>
  </fileSets>
  <files>
    <file>
      <source>README.md</source>
      <outputDirectory>.</outputDirectory>
      <fileMode>0644</fileMode>
    </file>
    <file>
      <source>${project.build.directory}/webapps/gateway-servlet3.war</source>
      <outputDirectory>tomcat8on/webapps</outputDirectory>
      <destName>gw.war</destName>
      <fileMode>0644</fileMode>
    </file>
    <file>
      <source>${project.build.directory}/webapps/gateway-servlet5.war</source>
      <outputDirectory>tomcat10on/webapps</outputDirectory>
      <destName>gw.war</destName>
      <fileMode>0644</fileMode>
    </file>
    <file>
      <source>${project.build.directory}/tomcat/xipki/security/example/pkcs11-emulator.json</source>
      <outputDirectory>tomcat/xipki/security</outputDirectory>
      <destName>pkcs11.json</destName>
      <fileMode>0644</fileMode>
    </file>
  </files>
</assembly>
