{
	"acme": {
		"baseUrl": "https://$[gateway.host]:$[gateway.https.port]/gw/acme/", // TODO: adapt it with the real host name
		"nonceNumBytes": 16,
		"tokenNumBytes": 16,
		"cacheSize": 1000,
		"syncDbSeconds": 60,
		"dbConf": "etc/acme/database/acme-db.properties",
		//"contactVerifier": "org.example.MyContactVerifier",
		//"termsOfService": "http://example.org/tos",
		"website": "http://example.org/doc/acme",
		//"caaIdentities": [
		//	"example.org"
		//],
		"challengeTypes": ["dns-01", "http-01", "tls-alpn-01"],
		"cleanupOrder": {
			"expiredCertDays": 390,
			"expiredOrderDays": 390
		},
		"caProfiles": [{
			"ca": "myca",
			"tlsProfile": "tls-ec",
			"keyTypes": ["1.2.840.10045.2.1"]
		}, {
			"ca": "myca",
			"tlsProfile": "tls-rsa",
			"keyTypes": ["1.2.840.113549.1.1.1"]
		}]
	}
}
