{
	"basedir":"APP_DIR",
	"properties":{
		"ca.signerConf":"REPLACEME-CA_SIGNERCONF",
		"keycerts.dir":"xipki/keycerts",
		"output.dir":"output",
		"profiles.dir":"qa/certprofile",
		"token.type":"REPLACEME-TOKEN_TYPE"
	},
	"dbSchemas": {
		"KEYPAIR_ENC_KEY":"00112233445566778899AABBCCDDEEFF"
	},
	"signers":[],
	"keypairGens":[{
		"name":"pkcs11",
		"type":"pkcs11",
		"conf":{
			"value":"slot=0,keyspecs=RSA:DSA:EC:SM2:ED25519:ED448:X25519:X448"
		}
	},{
		"name":"keypool",
		"type":"keypool",
		"conf":{
			"value":"datasource=keypool,password=CHANGEIT,keyspecs=RSA:DSA:EC:SM2:ED25519:ED448:X25519:X448"
		}
	}],
	"requestors":[{
		"name":"requestor1",
		"type":"cert",
		"binaryConf":{
			"file":"${keycerts.dir}/ra-sdk-client-cert.pem"
		}
	}],
	"publishers":[{
		"name":"ocsp-publisher",
		"type":"ocsp",
		"conf":{
			"value":"datasource=ocsp,publish.goodcerts=true"
		}
	}],
	"profiles":[{
		"name":"rootca",
		"type":"xijson",
		"conf":{
			"file":"${profiles.dir}/certprofile-rootca.json"
		}
	},{
		"name":"cross",
		"type":"xijson",
		"conf":{
			"file":"${profiles.dir}/certprofile-cross.json"
		}
	},{
		"name":"subca",
		"type":"xijson",
		"conf":{
			"file":"${profiles.dir}/certprofile-subca.json"
		}
	},{
		"name":"subca-complex",
		"type":"xijson",
		"conf":{
			"file":"${profiles.dir}/certprofile-subca-complex.json"
		}
	},{
		"name":"ocsp",
		"type":"xijson",
		"conf":{
			"file":"${profiles.dir}/certprofile-ocsp.json"
		}
	},{
		"name":"scep",
		"type":"xijson",
		"conf":{
			"file":"${profiles.dir}/certprofile-scep.json"
		}
	},{
		"name":"multiple-ous",
		"type":"xijson",
		"conf":{
			"file":"${profiles.dir}/certprofile-multiple-ous.json"
		}
	},{
		"name":"multi-valued-rdn",
		"type":"xijson",
		"conf":{
			"file":"${profiles.dir}/certprofile-multi-valued-rdn.json"
		}
	},{
		"name":"qc",
		"type":"xijson",
		"conf":{
			"file":"${profiles.dir}/certprofile-qc.json"
		}
	},{
		"name":"ee-complex",
		"type":"xijson",
		"conf":{
			"file":"${profiles.dir}/certprofile-ee-complex.json"
		}
	},{
		"name":"constant-ext",
		"type":"xijson",
		"conf":{
			"file":"${profiles.dir}/certprofile-constant-ext.json"
		}
	},{
		"name":"smime",
		"type":"xijson",
		"conf":{
			"file":"${profiles.dir}/certprofile-smime.json"
		}
	},{
		"name":"smime-legacy",
		"type":"xijson",
		"conf":{
			"file":"${profiles.dir}/certprofile-smime-legacy.json"
		}
	},{
		"name":"tls",
		"type":"xijson",
		"conf":{
			"file":"${profiles.dir}/certprofile-tls.json"
		}
	},{
		"name":"tls-enc",
		"type":"xijson",
		"conf":{
			"file":"${profiles.dir}/certprofile-tls-enc.json"
		}
	},{
		"name":"tls-dsa",
		"type":"xijson",
		"conf":{
			"file":"${profiles.dir}/certprofile-tls-dsa.json"
		}
	},{
		"name":"tls-ec",
		"type":"xijson",
		"conf":{
			"file":"${profiles.dir}/certprofile-tls-ec.json"
		}
	},{
		"name":"tls-ed25519",
		"type":"xijson",
		"conf":{
			"file":"${profiles.dir}/certprofile-tls-ed25519.json"
		}
	},{
		"name":"tls-rsa",
		"type":"xijson",
		"conf":{
			"file":"${profiles.dir}/certprofile-tls-rsa.json"
		}
	},{
		"name":"tls-sm2",
		"type":"xijson",
		"conf":{
			"file":"${profiles.dir}/certprofile-tls-sm2.json"
		}
	},{
		"name":"tls-sm2-enc",
		"type":"xijson",
		"conf":{
			"file":"${profiles.dir}/certprofile-tls-sm2-enc.json"
		}
	},{
		"name":"tls-c",
		"type":"xijson",
		"conf":{
			"file":"${profiles.dir}/certprofile-tls-c.json"
		}
	},{
		"name":"gmt0015",
		"type":"xijson",
		"conf":{
			"file":"${profiles.dir}/certprofile-gmt0015.json"
		}
	},{
		"name":"max-time",
		"type":"xijson",
		"conf":{
			"file":"${profiles.dir}/certprofile-max-time.json"
		}
	},{
		"name":"fixed-partial-subject",
		"type":"xijson",
		"conf":{
			"file":"${profiles.dir}/certprofile-fixed-partial-subject.json"
		}
	}],
	"cas":[{
		"name":"rootca1",
		"aliases":[
			"rootca"
		],
		"caInfo":{
			"caUris":{
				"cacertUris":[
					"http://myorg.org/rootca1.der"
				],
				"crlUris":[
					"http://localhost:8081/crl/?type=crl&name=rootca1"
				],
				"ocspUris":[
					"http://localhost:8080/ocsp/responder1"
				]
			},
			"crlControl":{
				"interval.hours": 24,
				"fullcrl.intervals":90,
				"overlap":"90d",
				"interval.time":"01:00"
			},
			"keypairGenNames": ["software"],
			"expirationPeriod":365,
			"genSelfIssued":{
				"subject":"REPLACEME-SUBJECT",
				"profile":"rootca",
				"serialNumber":"1"
			},
			"keepExpiredCertDays":-1,
			"maxValidity":"10y",
			"nextCrlNo":2,
			"permissions":["all"],
			"saveCert":true,
			"saveKeypair":false,
			"signerType":"${token.type}",
			"signerConf":{
				"value":"${ca.signerConf}"
			},
			"snSize":20,
			"status":"active",
			"validityMode":"cutoff"
		},
		"profiles":[
			"cross",
			"subca",
			"subca-complex",
			"ocsp"
		],
		"publishers":[
			"ocsp-publisher"
		],
		"requestors":[{
			"requestorName":"requestor1",
			"permissions":[
				"all"
			],
			"profiles":[
				"all"
			]
		}]
	}]
}

