<?xml version="1.0" encoding="UTF-8"?>
<assembly xmlns="http://maven.apache.org/ASSEMBLY/2.0.0"
    xmlns:xsi="http://www.w3.org/2001/XMLSchema-instance"
    xsi:schemaLocation="http://maven.apache.org/ASSEMBLY/2.0.0 http://maven.apache.org/xsd/assembly-2.0.0.xsd">
  <id>jdk11on</id>
  <includeBaseDirectory>true</includeBaseDirectory>
  <formats>
    <format>tar.gz</format>
  </formats>
  <fileSets>
    <fileSet>
      <directory>${shared.dir}/tomcat/xipki</directory>
      <outputDirectory>xipki</outputDirectory>
      <fileMode>0644</fileMode>
      <directoryMode>0755</directoryMode>
    </fileSet>
    <fileSet>
      <directory>${project.basedir}</directory>
      <includes>
        <include>README.md</include>
        <include>commands.md</include>
      </includes>
      <outputDirectory>.</outputDirectory>
      <fileMode>0644</fileMode>
    </fileSet>
    <fileSet>
      <directory>${project.build.directory}/jdk11on</directory>
      <outputDirectory>.</outputDirectory>
      <excludes>
        <exclude>system/org/apache/karaf/features/**</exclude>
        <!-- do not use the bc* from the apache karaf -->
        <exclude>system/org/bouncycastle/bcutil-jdk18on/${karaf.bc.version}/**</exclude>
        <exclude>system/org/bouncycastle/bcprov-jdk18on/${karaf.bc.version}/**</exclude>
        <exclude>system/org/bouncycastle/bcpkix-jdk18on/${karaf.bc.version}/**</exclude>
      </excludes>
      <fileMode>0644</fileMode>
      <directoryMode>0755</directoryMode>
    </fileSet>
    <!-- ${project.build.directory}/classes -->
    <fileSet>
      <directory>${project.build.directory}/classes</directory>
      <includes>
        <include>bin/**</include>
        <include>**/*.sh</include>
      </includes>
      <excludes>
        <exclude>bin/*.bat</exclude>
      </excludes>
      <outputDirectory>.</outputDirectory>
      <lineEnding>unix</lineEnding>
      <fileMode>0755</fileMode>
      <directoryMode>0755</directoryMode>
    </fileSet>
    <fileSet>
      <directory>${project.build.directory}/classes</directory>
      <includes>
        <include>bin/*.bat</include>
      </includes>
      <outputDirectory>.</outputDirectory>
      <lineEnding>dos</lineEnding>
      <fileMode>0644</fileMode>
      <directoryMode>0755</directoryMode>
    </fileSet>
    <fileSet>
      <directory>${project.build.directory}/classes</directory>
      <excludes>
        <exclude>bin/**</exclude>
        <exclude>**/*.sh</exclude>
      </excludes>
      <outputDirectory>.</outputDirectory>
      <fileMode>0644</fileMode>
      <directoryMode>0755</directoryMode>
    </fileSet>
    <fileSet>
      <directory>../xipki-ca/src/assembly/unfiltered/xipki/etc/ca/example</directory>
      <outputDirectory>xipki/ca-setup</outputDirectory>
      <fileMode>0644</fileMode>
      <directoryMode>0755</directoryMode>
    </fileSet>
    <!-- Copy over start scripts -->
    <fileSet>
      <directory>${project.build.directory}/apache-karaf-minimal-${karaf.version}/bin</directory>
      <includes>
        <include>inc</include>
        <include>setenv</include>
        <include>client</include>
        <include>instance</include>
        <include>karaf</include>
        <include>shell</include>
        <include>start</include>
        <include>status</include>
        <include>stop</include>
      </includes>
      <outputDirectory>bin/</outputDirectory>
      <lineEnding>unix</lineEnding>
      <fileMode>0755</fileMode>
      <directoryMode>0755</directoryMode>
    </fileSet>
    <fileSet>
      <directory>${project.build.directory}/apache-karaf-minimal-${karaf.version}/bin</directory>
      <includes>
        <include>*.bat</include>
      </includes>
      <outputDirectory>bin/</outputDirectory>
      <lineEnding>dos</lineEnding>
      <fileMode>0644</fileMode>
      <directoryMode>0755</directoryMode>
    </fileSet>
    <!-- Expanded Karaf -->
    <fileSet>
      <directory>${project.build.directory}/apache-karaf-minimal-${karaf.version}</directory>
      <outputDirectory>.</outputDirectory>
      <excludes>
        <exclude>bin/**</exclude>
        <exclude>deploy/README</exclude>
        <exclude>README</exclude>
        <exclude>LICENSE</exclude>
        <exclude>NOTICE</exclude>
        <exclude>RELEASE-NOTES</exclude>
        <exclude>karaf-manual*</exclude>
        <exclude>*.md</exclude>
        <!-- We use only the OSGi core apache felix instead of eclipse.osgi. -->
        <exclude>system/**/org.eclipse.osgi/**</exclude>
        <exclude>system/org/apache/karaf/config/**</exclude>
        <exclude>system/org/apache/karaf/jaas/blueprint/**</exclude>
        <exclude>system/org/apache/karaf/jaas/org.apache.karaf.jaas.config/**</exclude>
        <exclude>system/org/apache/karaf/jaas/org.apache.karaf.jaas.modules/**</exclude>
        <exclude>system/org/apache/karaf/jaas/org.apache.karaf.jaas.command/**</exclude>
        <exclude>system/org/apache/sshd/**</exclude>
        <exclude>system/org/apache/servicemix/bundles/org.apache.servicemix.bundles.not-yet-commons-ssl/**</exclude>
        <exclude>system/org/apache/karaf/shell/org.apache.karaf.shell.ssh/**</exclude>
        <exclude>etc/equinox-debug.properties</exclude>
        <exclude>etc/org.apache.karaf.features.repos.cfg</exclude>
        <exclude>etc/org.apache.karaf.jaas.cfg</exclude>
        <exclude>etc/org.apache.karaf.kar</exclude>
        <!-- do not use the bc* from the apache karaf -->
        <exclude>system/org/bouncycastle/bcutil-jdk18on/**</exclude>
        <exclude>system/org/bouncycastle/bcprov-jdk18on/**</exclude>
        <exclude>system/org/bouncycastle/bcpkix-jdk18on/**</exclude>
      </excludes>
      <fileMode>0644</fileMode>
      <directoryMode>0755</directoryMode>
    </fileSet>
  </fileSets>
  <files>
    <file>
      <source>${shared.dir}/tomcat/xipki/security/example/pkcs11-emulator.json</source>
      <outputDirectory>xipki/security</outputDirectory>
      <destName>pkcs11.json</destName>
      <fileMode>0644</fileMode>
    </file>
    <file>
      <source>../xipki-cli/src/main/unfiltered/xipki/client-script/rest-client.script</source>
      <outputDirectory>xipki/ca-setup/demo</outputDirectory>
      <fileMode>0644</fileMode>
    </file>
  </files>
</assembly>
