{
//	"responseCache":{
//		"datasource":{
//			"name":"datasource-cache",
//			"conf":{
//				"file":"etc/ocsp/database/ocsp-cache-db.properties"
//			}
//		},
//		"validity":"1d"
//	},
	"master":true,
	"unknownIssuerBehaviour":"malformedRequest",
	"datasources":[{
		"name":"datasource1",
		"conf":{
			"file":"etc/ocsp/database/ca-db.properties"
		}
	}],
	"requestOptions":[{
		"name":"request1",
		"hashAlgorithms":["SHA1","SHA256","SHA384","SHA512"],
		"maxRequestListCount":10,
		"maxRequestSize":4096,
		"nonce":{
			"maxLen":32,
			"minLen":4,
			// valid values are ignore, forbidden, optional and required.
			// in case of ignore and forbidded, maxLen and minLen will be ignored.
			"occurrence":"optional"
		},
		"signatureRequired":false,
		"supportsHttpGet":true,
		"validateSignature":false,
		"versions":["v1"]
	}],
	"responders":[{
		"name":"responder1",
		"inheritCaRevocation":true,
		"mode":"RFC2560",
		"request":"request1",
		"response":"response1",
		"servletPaths":["/"],
		"signer":"signer1",
		"stores":["store1"]
	}],
	"responseOptions":[{
		"name":"response1",
		"embedCertsMode":"SIGNER",
		"includeCerthash":false,
		"includeInvalidityDate":false,
		"includeRevReason":true,
		"responderIdByName":true
	}],
	"signers":[{
		"name":"signer1",
		"algorithms":["SHA256withECDSA","SHA256withRSA","ED25519","ED448","SM3withSM2","SHA256withDSA"],
		"caCerts":[],
		// For PKCS#12: only need to configure the key (certificate is in the p12 file)
		"type":"pkcs12",
		"key":"password=$[ocsp.keyPassword],keystore=file:keycerts/ocsp1.p12"
		// For PKCS#11, chnge 'type' to 'pkcs12', replace 'key' field with the following line
		// and add a new field 'cert'
		// "type":"pkcs11",
		// "key": "slot=<slot index>,key-label=<key label>",
		// "cert": {
		// 	"file": "keycerts/ocsp1.crt"
		// }
	}],
	"stores":[{
		"name":"store1",
		"ignoreExpiredCert":true,
		"ignoreNotYetValidCert":true,
		"includeArchiveCutoff":false,
		"includeCrlId":false,
		"retentionInterval":-1,
		"minNextUpdatePeriod":"1d",
		"unknownCertBehaviour":"unknown",
		"updateInterval":"10m",
		"source":{
			"datasource":"datasource1",
			"type":"xipki-ca-db",
			"conf":{
			}
		}
	}]
}

