{
	"metadata":{
		"details":"certprofile rootca",
		"category":"A"
	},
	"version":"v3",
	"certDomain":"RFC5280",
	"certLevel":"RootCA",
	"maxSize":4500,
	"validity":"10y",
	"notBeforeTime":"current",
	"signatureAlgorithms":[
		// RSA
		"SHA3-512withRSA","SHA3-384withRSA","SHA3-256withRSA","SHA3-224withRSA",
		"SHA512withRSA","SHA384withRSA","SHA256withRSA","SHA1withRSA",
		// DSA
		"SHA3-512withDSA","SHA3-384withDSA","SHA3-256withDSA","SHA3-224withDSA",
		"SHA512withDSA","SHA384withDSA","SHA256withDSA","SHA1withDSA",
		// ECDSA
		"SHA3-512withECDSA","SHA3-384withECDSA","SHA3-256withECDSA","SHA3-224withECDSA",
		"SHA512withECDSA","SHA384withECDSA","SHA256withECDSA","SHA1withECDSA",
		"SHAKE128withECDSA","SHAKE256withECDSA",
		// RSA-PSS
		"SHA3-512withRSAandMGF1","SHA3-384withRSAandMGF1","SHA3-256withRSAandMGF1","SHA3-224withRSAandMGF1",
		"SHA512withRSAandMGF1","SHA384withRSAandMGF1","SHA256withRSAandMGF1","SHA1withRSAandMGF1",
		"SHAKE128withRSAPSS","SHAKE256withRSAPSS",
		// Plain ECDSA
		"SHA512withPlainECDSA","SHA384withPlainECDSA","SHA256withPlainECDSA","SHA1withPlainECDSA",
		// SM2
		"SM3withSM2",
		// Edwards
		"Ed25519","Ed448"
	],
	"keyAlgorithms":[{
		"algorithms":[{
			"oid":"1.2.840.113549.1.1.1",
			"description":"RSA"
		}],
		"parameters":{
			"rsa":{
				"modulus":[2048,3072,4096]
			}
		}
	},{
		"algorithms":[{
			"oid":"1.2.840.10040.4.1",
			"description":"DSA"
		}],
		"parameters":{
			"dsa":{
				"p":[1024,2048,3072],
				"q":[160,224,256]
			}
		}
	},{
		"algorithms":[{
			"oid":"1.2.840.10045.2.1",
			"description":"EC"
		}],
		"parameters":{
			"ec":{
				"curves":[],
				"pointEncodings":[4]
			}
		}
	},{
		"algorithms":[{
			"oid":"1.3.101.112",
			"description":"ED25519"
		}]
	},{
		"algorithms":[{
			"oid":"1.3.101.113",
			"description":"ED448"
		}]
	}],
	"subject":{
		"rdns":[{
			"type":{
				"oid":"2.5.4.6",
				"description":"c"
			},
			"minOccurs":0
		},{
			"type":{
				"oid":"2.5.4.10",
				"description":"o"
			}
		},{
			"type":{
				"oid":"2.5.4.11",
				"description":"ou"
			},
			"minOccurs":0
		},{
			"type":{
				"oid":"2.5.4.5",
				"description":"serialNumber"
			},
			"minOccurs":0
		},{
			"type":{
				"oid":"2.5.4.3",
				"description":"cn"
			}
		}]
	},
	"subjectToSubjectAltNames":[],
	"extensions":[{
		"type":{
			"oid":"2.5.29.14",
			"description":"subjectKeyIdentifier"
		},
		"required":true
	},{
		"type":{
			"oid":"2.5.29.19",
			"description":"basicConstraints"
		},
		"critical":true,
		"required":true
	},{
		"type":{
			"oid":"2.5.29.15",
			"description":"keyUsage"
		},
		"critical":true,
		"required":true,
		"inRequest":"optional",
		"keyUsage":{
			"usages":[{
				"required":true,
				"value":"keyCertSign"
			},{
				"required":true,
				"value":"cRLSign"
			}]
		}
	}]
}
