{
	"cas":[{
		"id": 2,
		"name":"subca1",
		"aliases":[
			"subca"
		],
		"caInfo":{
			"caUris":{
				"cacertUris":[
					"http://myorg.org/subca1.der"
				],
				"ocspUris":[
					"http://localhost:8080/ocsp/responder1"
				]
			},
			"cert":{
				"file":"keycerts/subca1.pem"
			},
			"certchain":[{
				"file":"generated-rootcerts/rootca1.pem"
			}],
			"keypairGenNames":["software"],
			"expirationPeriod":365,
			"keepExpiredCertDays":-1,
			"maxValidity":"5y",
			"nextCrlNo":2,
			"permissions":["all"],
			"revokeSuspendedControl":{
				"enabled":true,
				"targetReason":"cessationOfOperation",
				"unchangedSince":"15d"
			},
			"saveCert":true,
			"saveKeypair":false,
			"signerType":"PKCS12",
			"signerConf":{
				"value":"password=CHANGEIT,keystore=file:${basedir}/keycerts/subca1.p12,algo=SHA256WITHECDSA"
			},
			"snSize":20,
			"status":"active",
			"validityMode":"strict"
		},
		"profiles":[
			"tls:tls-alias1,tls-alias2",
			"tls-c"
		],
		"requestors":[{
			"requestorName":"requestor1",
			"permissions":[
				"all"
			],
			"profiles":[
				"all"
			]
		}]
	}]
}

