{
	"master":true,
	// If you have more than one instance in master mode, set it to false.
	"noLock":true,
	// To activate the logging of requests and responses, set writer.level to DEBUG
	// in the file META-INF/classes/log4j2.properties.
	"logReqResp":true,
	// valid values are NO, APACHE, NGINX, GENERAL
	//"reverseProxyMode":"GENERAL",
	// shard id, between 0 and 127. CA systems using same database must have
	// different shard ids.
	"shardId":0,
	"datasources":[{
		"name":"ca",
		"conf":{
			"file":"etc/ca/database/ca-db.properties"
		}
	},{
		"name":"caconf",
		"conf":{
			"file":"etc/ca/database/caconf-db.properties"
		}
	}
	/*
	,
	{
		"name":"ocsp",
		"conf":{
			"file":"etc/ca/database/ocsp-db.properties"
		}
	}
	,
	{
		"name":"keypool",
		"conf":{
			"file":"etc/ca/database/keypool-db.properties"
		}
	}
	*/
	],
	"remoteMgmt":{
		"enabled":true,
		"certs":[
			{
				"file":"keycerts/ca-mgmt-client-cert.pem"
			}
		]
	},
	"certprofileFactories":[
	],
	"security":{
		"keyStrongrandomEnabled":false,
		"signStrongrandomEnabled":false,
		"defaultSignerParallelism":100,
		"pkcs11Conf":{
			"file":"security/pkcs11.json"
		},
		"signerFactories": []
	},
	"audit": {
		// type embed: use the embedded logging
		// The size unit is kb, mb and gb.
		// If not present, file is set to logs/audit.log, and size to 10mb.
		/*
		"type": "embed",
		"conf": {
			"size": "<integer><unit>",
			"file": "<audit log file>"
		}
		*/

		// type noop: no logging.
		// No conf.
		/*
		"type": "embed"
		*/

		// type file-mac: audit entries are chained, and each entry is MAC protected, saved in file
		// The enc-interval specifies the number of audit entries between writting an encrypted entry
		// containing the last audit id.
		/*
		"type": "file-mac",
		"conf": {
			"enc-interval": "<integer>",
			"keyid": "<key-id>",
			"password": "<password or its PBE encrypted form>",
			"file": "<audit log file>"
		}
		*/

		// type database-mac: audit entries are chained, and each entry is MAC protected, saved in database.
		// The enc-interval specifies the number of audit entries between writting an encrypted entry
		// containing the last audit id.
		/*
		"type": "file-mac",
		"conf": {
			"enc-interval": "<integer>",
			"keyid": "<key-id>",
			"password": "<password or its PBE encrypted form>",
			"datasource": "<database conf file>"
		}
		*/

		// customized audit type
		/*
		"type": "java:<name of class that implements org.xipki.audit.AuditService>",
		"conf": {
			... name value pairs ...
		}
		*/

		"type":"embed",
		"conf":{
			"file":"${sys:catalina.home}/logs/ca-audit.log"
		}
	}
	/*
	,
	"sslContexts":[{
		"name":"ctlog1",
		"trustanchors": [
			{
				"file":"keycerts/ctlog-ca-cert.pem"
			}
		]
	}]
	*/
}
