{
	"modules":[{
		"name":"default",
		"readonly":false,
		"type":"emulator",
		"user":"CKU_USER",
		"includeSlots":[
			{
				"index":0
			}
		],
		"maxMessageSize":16384,
		"mechanismFilters":[
			{
				"mechanismSet":"standardMechanisms",
				"slots":[
					{
						"index":0
					}
				]
			}
		],
		"nativeLibraries":[
			{
				"path":"~/.xipki/pkcs11-emulator"
			}
		],
		"newObjectConf":{
			"idLength":8,
			"ignoreLabel":false
		},
		"passwordSets":[
			{
				"passwords":[
					"123456"
				],
				"slots":[
					{
						"index":0
					}
				]
			}
		]
	}],
	"mechanismSets":[{
		"name":"allMechanisms",
		"mechanisms":[
			"ALL"
		]
	},{
		"name":"standardMechanisms",
		"mechanisms":[
			"CKM_RSA_X9_31_KEY_PAIR_GEN",
			"CKM_RSA_PKCS_KEY_PAIR_GEN",
			"CKM_DSA_KEY_PAIR_GEN",
			"CKM_EC_KEY_PAIR_GEN",
			"CKM_EC_EDWARDS_KEY_PAIR_GEN",
			"CKM_EC_MONTGOMERY_KEY_PAIR_GEN",
			"CKM_GENERIC_SECRET_KEY_GEN",
			"CKM_AES_KEY_GEN",
			"CKM_SHA_1",
			"CKM_SHA224",
			"CKM_SHA256",
			"CKM_SHA384",
			"CKM_SHA512",
			"CKM_SHA3_224",
			"CKM_SHA3_256",
			"CKM_SHA3_384",
			"CKM_SHA3_512",
			"CKM_SHA_1_HMAC",
			"CKM_SHA224_HMAC",
			"CKM_SHA256_HMAC",
			"CKM_SHA384_HMAC",
			"CKM_SHA512_HMAC",
			"CKM_SHA3_224_HMAC",
			"CKM_SHA3_256_HMAC",
			"CKM_SHA3_384_HMAC",
			"CKM_SHA3_512_HMAC",
			"CKM_AES_GMAC",
			"CKM_RSA_9796",
			"CKM_RSA_X_509",
			"CKM_RSA_PKCS",
			"CKM_SHA1_RSA_PKCS",
			"CKM_SHA224_RSA_PKCS",
			"CKM_SHA256_RSA_PKCS",
			"CKM_SHA384_RSA_PKCS",
			"CKM_SHA512_RSA_PKCS",
			"CKM_SHA3_224_RSA_PKCS",
			"CKM_SHA3_256_RSA_PKCS",
			"CKM_SHA3_384_RSA_PKCS",
			"CKM_SHA3_512_RSA_PKCS",
			"CKM_RSA_PKCS_PSS",
			"CKM_SHA1_RSA_PKCS_PSS",
			"CKM_SHA224_RSA_PKCS_PSS",
			"CKM_SHA256_RSA_PKCS_PSS",
			"CKM_SHA384_RSA_PKCS_PSS",
			"CKM_SHA512_RSA_PKCS_PSS",
			"CKM_SHA3_224_RSA_PKCS_PSS",
			"CKM_SHA3_256_RSA_PKCS_PSS",
			"CKM_SHA3_384_RSA_PKCS_PSS",
			"CKM_SHA3_512_RSA_PKCS_PSS",
			"CKM_DSA",
			"CKM_DSA_SHA1",
			"CKM_DSA_SHA224",
			"CKM_DSA_SHA256",
			"CKM_DSA_SHA384",
			"CKM_DSA_SHA512",
			"CKM_DSA_SHA3_224",
			"CKM_DSA_SHA3_256",
			"CKM_DSA_SHA3_384",
			"CKM_DSA_SHA3_512",
			"CKM_ECDSA",
			"CKM_ECDSA_SHA1",
			"CKM_ECDSA_SHA224",
			"CKM_ECDSA_SHA256",
			"CKM_ECDSA_SHA384",
			"CKM_ECDSA_SHA512",
			"CKM_ECDSA_SHA3_224",
			"CKM_ECDSA_SHA3_256",
			"CKM_ECDSA_SHA3_384",
			"CKM_ECDSA_SHA3_512",
			"CKM_EDDSA",
			"CKM_VENDOR_SM2",
			"CKM_VENDOR_SM2_SM3",
			"CKM_VENDOR_SM2_KEY_PAIR_GEN"
		]
	}]
}

