{
	"prefix": "$[",
	"suffix": "]",
	"basedir": "..",
	"sections" : [
		{
			"description": "Gateway Supported Protocols",
			"files": [
				"xipki-gateway/tomcat/xipki/etc/gateway.json"
			],
			"replacements": {
				"gateway.acme.enabled": "false",
				"gateway.cmp.enabled": "true",
				"gateway.est.enabled": "true",
				"gateway.rest.enabled": "true",
				"gateway.scep.enabled": "false"
			}
		},
		{
			"description": "XiPKI Configuration",
			"files": [
				"setup/keycerts.json",
				// CA
				"xipki-ca/tomcat8on/conf/server.xml",
				"xipki-ca/tomcat10on/conf/server.xml",
				// Gateway
				"xipki-gateway/tomcat8on/conf/server.xml",
				"xipki-gateway/tomcat10on/conf/server.xml",
				"xipki-gateway/tomcat/xipki/etc/gateway.json",
				"xipki-gateway/tomcat/xipki/etc/acme-gateway.json",
				"xipki-gateway/tomcat/xipki/etc/cmp-gateway.json",
				"xipki-gateway/tomcat/xipki/etc/est-gateway.json",
				"xipki-gateway/tomcat/xipki/etc/rest-gateway.json",
				"xipki-gateway/tomcat/xipki/etc/scep-gateway.json",
				// OCSP
				"xipki-ocsp/tomcat8on/conf/server.xml",
				"xipki-ocsp/tomcat10on/conf/server.xml",
				"xipki-ocsp/tomcat/xipki/etc/ocsp/ocsp-responder.json",
				"xipki-ocsp/tomcat/xipki/etc/ocsp/example/crl-store/ocsp-responder.json",
				"xipki-ocsp/tomcat/xipki/etc/ocsp/example/ejbca-store/ocsp-responder.json",
				"xipki-ocsp/tomcat/xipki/etc/ocsp/example/xipki-ca-db-store/ocsp-responder.json",
				"xipki-ocsp/tomcat/xipki/etc/ocsp/example/xipki-db-store/ocsp-responder.json",
				// HSM proxy
				"xipki-hsmproxy/tomcat8on/conf/server.xml",
				"xipki-hsmproxy/tomcat10on/conf/server.xml",
				"xipki-hsmproxy/tomcat/xipki/security/example/pkcs11-hsmproxy.json",
				"xipki-hsmproxy/tomcat/xipki/security/pkcs11.json",
				"xipki-ca/tomcat/xipki/security/example/pkcs11-hsmproxy.json",
				"xipki-ca/tomcat/xipki/security/pkcs11.json",
				"xipki-ocsp/tomcat/xipki/security/example/pkcs11-hsmproxy.json",
				"xipki-ocsp/tomcat/xipki/security/pkcs11.json",
				"xipki-gateway/tomcat/xipki/security/example/pkcs11-hsmproxy.json",
				"xipki-gateway/tomcat/xipki/security/pkcs11.json",
				"xipki-cli/xipki/security/example/pkcs11-hsmproxy.json",
				"xipki-cli/xipki/security/pkcs11.json",
				"xipki-mgmt-cli/xipki/security/example/pkcs11-hsmproxy.json",
				"xipki-mgmt-cli/xipki/security/pkcs11.json",

				// MGMT CLI
				"xipki-mgmt-cli/etc/org.xipki.ca.mgmt.client.cfg",
				"xipki-mgmt-cli/xipki/ca-setup/demo/doDemo.script",
				"xipki-mgmt-cli/xipki/etc/curl.json",

				"xipki-mgmt-cli/xipki/ca-setup/cacert-present-dbbased/setup-p11.script",
				"xipki-mgmt-cli/xipki/ca-setup/cacert-present-dbbased/setup-p12.script",
				"xipki-mgmt-cli/xipki/ca-setup/cacert-present-dbbased/template.ca-conf.json",

				"xipki-mgmt-cli/xipki/ca-setup/cacert-present-filebased/setup-p11.script",
				"xipki-mgmt-cli/xipki/ca-setup/cacert-present-filebased/setup-p12.script",
				"xipki-mgmt-cli/xipki/ca-setup/cacert-present-filebased/template.ca-conf.json",

				"xipki-mgmt-cli/xipki/ca-setup/cacert-none-dbbased/setup-p11.script",
				"xipki-mgmt-cli/xipki/ca-setup/cacert-none-dbbased/setup-p12.script",
				"xipki-mgmt-cli/xipki/ca-setup/cacert-none-dbbased/template.ca-conf.json",

				"xipki-mgmt-cli/xipki/ca-setup/cacert-none-filebased/setup-p11.script",
				"xipki-mgmt-cli/xipki/ca-setup/cacert-none-filebased/setup-p12.script",
				"xipki-mgmt-cli/xipki/ca-setup/cacert-none-filebased/template.ca-conf.json", 

				"xipki-mgmt-cli/xipki/ca-setup/setup-ocsp-p11.script",
				"xipki-mgmt-cli/xipki/ca-setup/setup-ocsp-p12.script",
				"xipki-mgmt-cli/xipki/ca-setup/setup-scep-p12.script",

				"xipki-mgmt-cli/xipki/ca-setup/demo/ocsp-responder-p11-cadb.json",
				"xipki-mgmt-cli/xipki/ca-setup/demo/rest-client.script",

				// CLI
				"xipki-cli/xipki/etc/cmp-client.json",
				"xipki-cli/xipki/etc/curl.json",
				"xipki-cli/xipki/client-script/cmp-client.script",
				"xipki-cli/xipki/client-script/est-client.script",
				"xipki-cli/xipki/client-script/est-client.sh",
				"xipki-cli/xipki/client-script/rest-client.script",
				"xipki-cli/xipki/client-script/rest-client.sh",
				"xipki-cli/xipki/client-script/scep-client.script"
			],
			"replacements": {
				// General
				"organization": "myorg",
				// OCSP
				"ocsp.keyPassword": "changeit-ocsp",
				"ocsp.shutdown.port": "8005",
				"ocsp.http.port": "8080",
				"ocsp.host": "localhost",
				// CA
				"ca.https.keyPassword": "changeit-ca",
				"ca.shutdown.port": "8006",
				"ca.https.port": "8444",
				"ca.host": "localhost",
				"ca.name": "myca1",
				"ca.alias": "myca",
				// Gateway
				"gateway.https.keyPassword": "changeit-gateway",
				"gateway.shutdown.port": "8007",
				"gateway.http.port": "8082",
				"gateway.https.port": "8445",
				"gateway.host": "localhost",
				"ra.sdk.keyPassword": "changeit-rasdk",
				// Gateway.SCEP
				"scep.keyPassword": "changeit-scep",
				// HSM proxy
				"hsmproxy.https.keyPassword": "changeit-hsmproxy",
				"hsmproxy.shutdown.port": "8008",
				"hsmproxy.https.port": "8446",
				"hsmproxy.host": "localhost",
				"hsmproxy.client.keyPassword": "changeit-hsmproxy",
				// CLI
				"cmp.client.ca.keyPassword": "changeit-cmpclientca",
				"cmp.client.keyPassword": "changeit-cmpclient",
				"est.client.ca.keyPassword": "changeit-estclientca",
				"est.client.keyPassword": "changeit-estclient",
				"rest.client.ca.keyPassword": "changeit-restclientca",
				"rest.client.keyPassword": "changeit-restclient",
				// MGMT CLI
				"ca.mgmt.client.keyPassword": "changeit-camgmtclient"
			}
		}
	]
}
