{
	"keycerts": [
		{
			"name": "ca-server",
			"certType": "TLS-Server",
			"keyType": "EC/P-256",
			"subject": "O=$[organization], OU=CA server, CN=$[ca.host]",
			"validity": "20y",
			"p12Password": "$[ca.https.keyPassword]"
	  	},{
			"name": "ca-mgmt-client",
			"certType": "TLS-Client",
			"keyType": "EC/P-256",
			"subject": "O=$[organization], CN=CA management client",
			"validity": "20y",
			"p12Password": "$[ca.mgmt.client.keyPassword]"
	  	},{
			"name": "ra-sdk-client",
			"certType": "TLS-Client",
			"keyType": "EC/P-256",
			"subject": "O=$[organization], CN=RA SDK client",
			"validity": "20y",
			"p12Password": "$[ra.sdk.keyPassword]"
		},{
			"name": "hsmproxy-server",
			"certType": "TLS-Server",
			"keyType": "EC/P-256",
			"subject": "O=$[organization], OU=HSM proxy server, CN=$[hsmproxy.host]",
			"validity": "20y",
			"p12Password": "$[hsmproxy.https.keyPassword]"
		},{
			"name": "hsmproxy-client",
			"certType": "TLS-Client",
			"keyType": "EC/P-256",
			"subject": "O=$[organization], CN=HSM proxy client",
			"validity": "20y",
			"p12Password": "$[hsmproxy.https.keyPassword]"
	  	},{
			"name": "gateway-server",
			"certType": "TLS-Server",
			"keyType": "EC/P-256",
			"subject": "O=$[organization], OU=Gateway server,CN=$[gateway.host]",
			"validity": "20y",
			"p12Password": "$[gateway.https.keyPassword]"
	  	},{
			"name": "cmp-client-ca",
			"certType": "CA",
			"keyType": "EC/P-256",
			"subject": "O=$[organization], CN=CMP client CA",
			"validity": "20y",
			"p12Password": "$[cmp.client.ca.keyPassword]"
	  	},{
			"name": "cmp-client",
			"certType": "TLS-Client",
			"keyType": "EC/P-256",
			"subject": "O=$[organization], CN=CMP client",
			"validity": "20y",
			"p12Password": "$[cmp.client.keyPassword]",
			"issuerName": "cmp-client-ca"
	  	},{
			"name": "est-client-ca",
			"certType": "CA",
			"keyType": "EC/P-256",
			"subject": "O=$[organization], CN=EST client CA",
			"validity": "20y",
			"p12Password": "$[est.client.ca.keyPassword]"
	  	},{
			"name": "est-client",
			"certType": "TLS-Client",
			"keyType": "EC/P-256",
			"subject": "O=$[organization], CN=EST client",
			"validity": "20y",
			"p12Password": "$[est.client.keyPassword]",
			"issuerName": "est-client-ca"
	  	},{
			"name": "rest-client-ca",
			"certType": "CA",
			"keyType": "EC/P-256",
			"subject": "O=$[organization], CN=REST client CA",
			"validity": "20y",
			"p12Password": "$[rest.client.ca.keyPassword]"
		},{
			"name": "rest-client",
			"certType": "TLS-Client",
			"keyType": "EC/P-256",
			"subject": "O=$[organization], CN=REST client",
			"validity": "20y",
			"p12Password": "$[rest.client.keyPassword]",
			"issuerName": "rest-client-ca"
	  	}
	],
	"certstores": [
		{
			"name": "gateway-client-ca",
			"p12Password":"CHANGEIT",
			"keyCertNames": ["cmp-client-ca", "est-client-ca", "rest-client-ca"]
		},
		{
			"name": "ca-client",
			"p12Password":"CHANGEIT",
			"keyCertNames": ["ca-mgmt-client", "ra-sdk-client"]
		},
		{
			"name": "hsmproxy-client",
			"p12Password":"CHANGEIT",
			"keyCertNames": ["hsmproxy-client"]
		}
	]
}
