{
	"metadata":{
		"details":"certprofile constant-extension",
		"category":"A"
	},
	"version":"v3",
	"certDomain":"RFC5280",
	"certLevel":"EndEntity",
	"maxSize":4500,
	"validity":"5y",
	"notBeforeTime":"midnight",
	"keypairGeneration":{
		"inheritCA":true,
		"forbidden":false
	},
	"signatureAlgorithms":[
		// RSA
		"SHA3-512withRSA","SHA3-384withRSA","SHA3-256withRSA","SHA3-224withRSA",
		"SHA512withRSA","SHA384withRSA","SHA256withRSA","SHA1withRSA",
		// DSA
		"SHA3-512withDSA","SHA3-384withDSA","SHA3-256withDSA","SHA3-224withDSA",
		"SHA512withDSA","SHA384withDSA","SHA256withDSA","SHA1withDSA",
		// ECDSA
		"SHA3-512withECDSA","SHA3-384withECDSA","SHA3-256withECDSA","SHA3-224withECDSA",
		"SHA512withECDSA","SHA384withECDSA","SHA256withECDSA","SHA1withECDSA",
		"SHAKE128withECDSA","SHAKE256withECDSA",
		// RSA-PSS
		"SHA3-512withRSAandMGF1","SHA3-384withRSAandMGF1","SHA3-256withRSAandMGF1","SHA3-224withRSAandMGF1",
		"SHA512withRSAandMGF1","SHA384withRSAandMGF1","SHA256withRSAandMGF1","SHA1withRSAandMGF1",
		"SHAKE128withRSAPSS","SHAKE256withRSAPSS",
		// Plain ECDSA
		"SHA512withPlainECDSA","SHA384withPlainECDSA","SHA256withPlainECDSA","SHA1withPlainECDSA",
		// SM2
		"SM3withSM2",
		// Edwards
		"Ed25519","Ed448"
	],
	"keyAlgorithms":[{
		"algorithms":[{
			"oid":"1.2.840.113549.1.1.1",
			"description":"RSA"
		}],
		"parameters":{
			"rsa":{
				"modulus":[2048,3072,4096]
			}
		}
	},{
		"algorithms":[{
			"oid":"1.2.840.10040.4.1",
			"description":"DSA"
		}],
		"parameters":{
			"dsa":{
				"p":[1024,2048,3072],
				"q":[160,224,256]
			}
		}
	},{
		"algorithms":[{
			"oid":"1.2.840.10045.2.1",
			"description":"EC"
		}],
		"parameters":{
			"ec":{
				"curves":[{
					"oid":"1.2.840.10045.3.1.7",
					"description":"P-256"
				},{
					"oid":"1.3.132.0.34",
					"description":"P-384"
				},{
					"oid":"1.3.132.0.35",
					"description":"P-521"
				},{
					"oid":"1.3.36.3.3.2.8.1.1.7",
					"description":"brainpoolp256r1"
				},{
					"oid":"1.3.36.3.3.2.8.1.1.11",
					"description":"brainpoolp384r1"
				},{
					"oid":"1.3.36.3.3.2.8.1.1.13",
					"description":"brainpoolp512r1"
				},{
					"oid":"1.2.156.10197.1.301",
					"description":"sm2p256v1"
				}],
				"pointEncodings":[4]
			}
		}
	}],
	"subject":{
		"keepRdnOrder":true,
		"rdns":[{
			"type":{
				"oid":"2.5.4.3",
				"description":"CN"
			}
		},{
			"type":{
				"oid":"2.5.4.6",
				"description":"C"
			}
		},{
			"type":{
				"oid":"2.5.4.10",
				"description":"O"
			}
		},{
			"type":{
				"oid":"2.5.4.11",
				"description":"OU"
			},
			"minOccurs":0
		}]
	},
	"subjectToSubjectAltNames":[],
	"extensions":[{
		"type":{
			"oid":"2.5.29.14",
			"description":"subjectKeyIdentifier"
		},
		"required":true
	},{
		"type":{
			"oid":"2.5.29.31",
			"description":"cRLDistributionPoints"
		}
	},{
		"type":{
			"oid":"2.5.29.46",
			"description":"freshestCRL"
		}
	},{
		"type":{
			"oid":"2.5.29.19",
			"description":"basicConstraints"
		},
		"required":true
	},{
		"type":{
			"oid":"1.3.6.1.5.5.7.1.1",
			"description":"authorityInfoAccess"
		},
		"required":true,
		"authorityInfoAccess":{
			"includeCaIssuers":true,
			"includeOcsp":true,
			"caIssuersProtocols":["http"],
			"ocspProtocols":["http"]
		}
	},{
		"type":{
			"oid":"2.5.29.35",
			"description":"authorityKeyIdentifier"
		},
		"required":true
	},{
		"type":{
			"oid":"2.5.29.15",
			"description":"keyUsage"
		},
		"critical":true,
		"required":true,
		"inRequest":"optional",
		"keyUsage":{
			"usages":[{
				"required":true,
				"value":"digitalSignature"
			},{
				"required":true,
				"value":"dataEncipherment"
			},{
				"required":true,
				"value":"keyEncipherment"
			}]
		}
	},{
		"type":{
			"oid":"2.5.29.37",
			"description":"extendedKeyUsage"
		},
		"required":true,
		"inRequest":"optional",
		"extendedKeyUsage":{
			"usages":[{
				"required":true,
				"oid":"1.3.6.1.5.5.7.3.1",
				"description":"TLS WWW server authentication"
			},{
				"required":false,
				"oid":"1.3.6.1.5.5.7.3.2",
				"description":"TLS WWW client authentication"
			}]
		}
	},{
		"type":{
			"oid":"1.2.3.6.1.1",
			"description":"custom constant extension BIT STRING"
		},
		"required":true,
		"constant":{
			"type": "BIT STRING",
			"value":"YWJjZGVm"
		}
	},{
		"type":{
			"oid":"1.2.3.6.1.2",
			"description":"custom constant extension BMPString"
		},
		"required":true,
		"constant":{
			"value":"HhgAQQAgAEIATQBQACAAcwB0AHIAaQBuAGc="
		}
	},{
		"type":{
			"oid":"1.2.3.6.1.3",
			"description":"ASN1Boolean"
		},
		"required":true,
		"constant":{
			"value":"AQH/"
		}
	},{
		"type":{
			"oid":"1.2.3.6.1.4",
			"description":"custom constant extension IA5String"
		},
		"required":true,
		"constant":{
			"value":"Fg1BbiBJQTUgc3RyaW5n"
		}
	},{
		"type":{
			"oid":"1.2.3.6.1.5",
			"description":"custom constant extension INTEGER"
		},
		"required":true,
		"constant":{
			"type": "INTEGER",
			"value":"0x1234567890ABCD"
		}
	},{
		"type":{
			"oid":"1.2.3.6.1.6",
			"description":"custom constant extension NULL"
		},
		"required":true,
		"constant":{
			"value":"BQA="
		}
	},{
		"type":{
			"oid":"1.2.3.6.1.7",
			"description":"custom constant extension OCTET STRING"
		},
		"required":true,
		"constant":{
			"type": "OCTET STRING",
			"value":"YWJjZGVm"
		}
	},{
		"type":{
			"oid":"1.2.3.6.1.8",
			"description":"custom constant extension OID"
		},
		"required":true,
		"constant":{
			"value":"BgNTBAU="
		}
	},{
		"type":{
			"oid":"1.2.3.6.1.9",
			"description":"custom constant extension PrintableString"
		},
		"required":true,
		"constant":{
			"type": "PrintableString",
			"value":"example printable string"
		}
	},{
		"type":{
			"oid":"1.2.3.6.1.11",
			"description":"custom constant extension TeletexString(T61String)"
		},
		"required":true,
		"constant":{
			"value":"FBBBIHRlbGV0YXggc3RyaW5n"
		}
	},{
		"type":{
			"oid":"1.2.3.6.1.12",
			"description":"custom constant extension UTF8String"
		},
		"required":true,
		"constant":{
			"type": "UTF8String",
			"value":"example UTF8 string"
		}
	},{
		"type":{
			"oid":"1.2.3.6.1.13",
			"description":"custom constant extension Enumerated"
		},
		"required":true,
		"constant":{
			"value":"CgEC"
		}
	},{
		"type":{
			"oid":"1.2.3.6.1.14",
			"description":"custom constant extension GeneralizedTime"
		},
		"required":true,
		"constant":{
			"value":"GA8yMDIyMTIwMTIxMDIyMlo="
		}
	},{
		"type":{
			"oid":"1.2.3.6.1.15",
			"description":"custom constant extension UTCTime"
		},
		"required":true,
		"constant":{
			"value":"Fw0yMjEyMDEyMTAyMjJa"
		}
	},{
		"type":{
			"oid":"1.2.3.6.1.16",
			"description":"custom constant extension Name"
		},
		"required":true,
		"constant":{
			"value":"MBsxDDAKBgNVBAMMA2FiYzELMAkGA1UEBhMCREU="
		}
	}]
}