{
	"metadata":{
		"details":"certprofile extended",
		"category":"A"
	},
	"version":"v3",
	"certDomain":"RFC5280",
	"certLevel":"EndEntity",
	"maxSize":4500,
	"validity":"5y",
	"notBeforeTime":"current",
	"keypairGeneration":{
		"inheritCA":true,
		"forbidden":false
	},
	"signatureAlgorithms":[
		// RSA
		"SHA3-512withRSA","SHA3-384withRSA","SHA3-256withRSA","SHA3-224withRSA",
		"SHA512withRSA","SHA384withRSA","SHA256withRSA","SHA1withRSA",
		// DSA
		"SHA3-512withDSA","SHA3-384withDSA","SHA3-256withDSA","SHA3-224withDSA",
		"SHA512withDSA","SHA384withDSA","SHA256withDSA","SHA1withDSA",
		// ECDSA
		"SHA3-512withECDSA","SHA3-384withECDSA","SHA3-256withECDSA","SHA3-224withECDSA",
		"SHA512withECDSA","SHA384withECDSA","SHA256withECDSA","SHA1withECDSA",
		"SHAKE128withECDSA","SHAKE256withECDSA",
		// RSA-PSS
		"SHA3-512withRSAandMGF1","SHA3-384withRSAandMGF1","SHA3-256withRSAandMGF1","SHA3-224withRSAandMGF1",
		"SHA512withRSAandMGF1","SHA384withRSAandMGF1","SHA256withRSAandMGF1","SHA1withRSAandMGF1",
		"SHAKE128withRSAPSS","SHAKE256withRSAPSS",
		// Plain ECDSA
		"SHA512withPlainECDSA","SHA384withPlainECDSA","SHA256withPlainECDSA","SHA1withPlainECDSA",
		// SM2
		"SM3withSM2",
		// Edwards
		"Ed25519","Ed448"
	],
	"keyAlgorithms":[{
		"algorithms":[{
			"oid":"1.2.840.113549.1.1.1",
			"description":"RSA"
		}],
		"parameters":{
			"rsa":{
				"modulus":[2048,3072,4096]
			}
		}
	},{
		"algorithms":[{
			"oid":"1.2.840.10040.4.1",
			"description":"DSA"
		}],
		"parameters":{
			"dsa":{
				"p":[1024,2048,3072],
				"q":[160,224,256]
			}
		}
	},{
		"algorithms":[{
			"oid":"1.2.840.10045.2.1",
			"description":"EC"
		}],
		"parameters":{
			"ec":{
				"curves":[{
					"oid":"1.2.840.10045.3.1.7",
					"description":"P-256"
				},{
					"oid":"1.3.132.0.34",
					"description":"P-384"
				},{
					"oid":"1.3.132.0.35",
					"description":"P-521"
				},{
					"oid":"1.3.36.3.3.2.8.1.1.7",
					"description":"brainpoolp256r1"
				},{
					"oid":"1.3.36.3.3.2.8.1.1.11",
					"description":"brainpoolp384r1"
				},{
					"oid":"1.3.36.3.3.2.8.1.1.13",
					"description":"brainpoolp512r1"
				},{
					"oid":"1.2.156.10197.1.301",
					"description":"sm2p256v1"
				}],
				"pointEncodings":[4]
			}
		}
	},{
		"algorithms":[{
			"oid":"1.3.101.112",
			"description":"ED25519"
		}]
	},{
		"algorithms":[{
			"oid":"1.3.101.113",
			"description":"ED448"
		}]
	}],
	"subject":{
		"rdns":[{
			"type":{
				"oid":"2.5.4.6",
				"description":"C"
			}
		},{
			"type":{
				"oid":"2.5.4.10",
				"description":"O"
			}
		},{
			"type":{
				"oid":"2.5.4.11",
				"description":"OU"
			},
			"minOccurs":0
		},{
			"type":{
				"oid":"2.5.4.5",
				"description":"SERIALNUMBER"
			},
			"minOccurs":0
		},{
			"type":{
				"oid":"2.5.4.3",
				"description":"CN"
			},
			"regex":":FQDN"
		}]
	},
	"subjectToSubjectAltNames":[{
		"source":{
			"oid":"2.5.4.3",
			"description":"CN"
		},
		"target":"DNSName"
	}],
	"extensions":[{
		"type":{
			"oid":"2.5.29.14",
			"description":"subjectKeyIdentifier"
		},
		"required":true
	},{
		"type":{
			"oid":"2.5.29.31",
			"description":"cRLDistributionPoints"
		}
	},{
		"type":{
			"oid":"2.5.29.46",
			"description":"freshestCRL"
		}
	},{
		"type":{
			"oid":"2.5.29.17",
			"description":"subjectAlternativeName"
		},
		"required":true,
		"inRequest":"required",
		"subjectAltName":{
			"modes":["DNSName","IPAddress"]
		}
	},{
		"type":{
			"oid":"2.5.29.19",
			"description":"basicConstraints"
		},
		"critical":true,
		"required":true
	},{
		"type":{
			"oid":"1.3.6.1.5.5.7.1.1",
			"description":"authorityInfoAccess"
		},
		"required":true,
		"authorityInfoAccess":{
			"includeCaIssuers":true,
			"includeOcsp":true,
			"caIssuersProtocols":["http"],
			"ocspProtocols":["http"]
		}
	},{
		"type":{
			"oid":"2.5.29.35",
			"description":"authorityKeyIdentifier"
		},
		"required":true
	},{
		"type":{
			"oid":"2.5.29.15",
			"description":"keyUsage"
		},
		"critical":true,
		"required":true,
		"inRequest":"optional",
		"keyUsage":{
			"usages":[{
				"required":true,
				"value":"digitalSignature"
			},{
				"required":true,
				"value":"dataEncipherment"
			},{
				"required":true,
				"value":"keyEncipherment"
			}]
		}
	},{
		"type":{
			"oid":"2.5.29.37",
			"description":"extendedKeyUsage"
		},
		"required":true,
		"inRequest":"optional",
		"extendedKeyUsage":{
			"usages":[{
				"required":true,
				"oid":"1.3.6.1.5.5.7.3.1",
				"description":"TLS WWW server authentication"
			},{
				"required":false,
				"oid":"1.3.6.1.5.5.7.3.2",
				"description":"TLS WWW client authentication"
			}]
		}
	},{
		"type":{
			"oid":"1.3.6.1.5.5.7.1.24",
			"description":"tlsFeature"
		},
		"critical":true,
		"required":true,
		"tlsFeature":{
			"features":[{
				"value":2,
				"description":"client_certificate_url"
			},{
				"value":5,
				"description":"status_request"
			}]
		}
	},{
		"type":{
			"oid":"1.2.840.113549.1.9.15",
			"description":"SMIMECapatibilities"
		},
		"required":true,
		"smimeCapabilities":{
			"capabilities":[{
				"capabilityId":{
					"oid":"1.2.840.113549.3.7",
					"description":"DES-EDE3-CBC"
				}
			},{
				"capabilityId":{
					"oid":"1.2.840.113549.3.2",
					"description":"RC2-CBC"
				},
				"parameter":{
					"integer":128
				}
			},{
				"capabilityId":{
					"oid":"1.2.840.113549.3.2",
					"description":"RC2-CBC"
				},
				"parameter":{
					"binary":{
						"value":"AgFA",
						"description":"INTEGER 64"
					}
				}
			}]
		}
	},{
		"type":{
			"oid":"1.2.3.4.1",
			"description":"demo_without_conf"
		},
		"required":true
	},{
		"type":{
			"oid":"1.2.3.4.2",
			"description":"demo_with_conf"
		},
		"required":true,
		"custom":{
			"texts":[
				"text1",
				"text2"
			]
		}
	}]
}