{
	"metadata":{
		"details":"certprofile tls",
		"category":"A"
	},
	"version":"v3",
	"certDomain":"RFC5280",
	"certLevel":"EndEntity",
	"maxSize":4500,
	"validity":"5y",
	"notBeforeTime":"current",
	"keypairGeneration":{
		"inheritCA":false,
		"forbidden":false,
		"algorithm":{
			"oid":"1.3.101.112",
			"description":"ED25519"
		},
		"keyType":"ED25519"
	},
	"signatureAlgorithms":[
		// RSA
		"SHA3-512withRSA","SHA3-384withRSA","SHA3-256withRSA","SHA3-224withRSA",
		"SHA512withRSA","SHA384withRSA","SHA256withRSA","SHA1withRSA",
		// DSA
		"SHA3-512withDSA","SHA3-384withDSA","SHA3-256withDSA","SHA3-224withDSA",
		"SHA512withDSA","SHA384withDSA","SHA256withDSA","SHA1withDSA",
		// ECDSA
		"SHA3-512withECDSA","SHA3-384withECDSA","SHA3-256withECDSA","SHA3-224withECDSA",
		"SHA512withECDSA","SHA384withECDSA","SHA256withECDSA","SHA1withECDSA",
		"SHAKE128withECDSA","SHAKE256withECDSA",
		// RSA-PSS
		"SHA3-512withRSAandMGF1","SHA3-384withRSAandMGF1","SHA3-256withRSAandMGF1","SHA3-224withRSAandMGF1",
		"SHA512withRSAandMGF1","SHA384withRSAandMGF1","SHA256withRSAandMGF1","SHA1withRSAandMGF1",
		"SHAKE128withRSAPSS","SHAKE256withRSAPSS",
		// Plain ECDSA
		"SHA512withPlainECDSA","SHA384withPlainECDSA","SHA256withPlainECDSA","SHA1withPlainECDSA",
		// SM2
		"SM3withSM2",
		// Edwards
		"Ed25519","Ed448"
	],
	"keyAlgorithms":[{
		"algorithms":[{
			"oid": "1.3.101.112",
			"description": "ED25519"
		}]
	}],
	"subject":{
		"rdns":[{
			"type":{
				"oid":"2.5.4.6",
				"description":"c"
			},
			"minOccurs":0
		},{
			"type":{
				"oid":"2.5.4.10",
				"description":"o"
			},
			"minOccurs":0
		},{
			"type":{
				"oid":"2.5.4.11",
				"description":"ou"
			},
			"minOccurs":0
		},{
			"type":{
				"oid":"2.5.4.5",
				"description":"serialNumber"
			},
			"minOccurs":0
		},{
			"type":{
				"oid":"2.5.4.3",
				"description":"cn"
			},
			"regex":":FQDN"
		}]
	},
	"subjectToSubjectAltNames":[{
		"source":{
			"oid":"2.5.4.3",
			"description":"cn"
		},
		"target":"DNSName"
	}],
	"extensions":[{
		"type":{
			"oid":"2.5.29.14",
			"description":"subjectKeyIdentifier"
		},
		"required":true
	},{
		"type":{
			"oid":"2.5.29.31",
			"description":"cRLDistributionPoints"
		}
	},{
		"type":{
			"oid":"2.5.29.46",
			"description":"freshestCRL"
		}
	},{
		"type":{
			"oid":"2.5.29.17",
			"description":"subjectAlternativeName"
		},
		"required":true,
		"inRequest":"optional",
		"subjectAltName":{
			"modes":["DNSName","IPAddress"]
		}
	},{
		"type":{
			"oid":"2.5.29.19",
			"description":"basicConstraints"
		},
		"critical":true,
		"required":true
	},{
		"type":{
			"oid":"1.3.6.1.5.5.7.1.1",
			"description":"authorityInfoAccess"
		},
		"required":true,
		"authorityInfoAccess":{
			"includeCaIssuers":true,
			"includeOcsp":true,
			"caIssuersProtocols":["http"],
			"ocspProtocols":["http"]
		}
	},{
		"type":{
			"oid":"2.5.29.35",
			"description":"authorityKeyIdentifier"
		},
		"required":true
	},{
		"type":{
			"oid":"2.5.29.15",
			"description":"keyUsage"
		},
		"critical":true,
		"required":true,
		"inRequest":"optional",
		"keyUsage":{
			"usages":[{
				"required":true,
				"value":"digitalSignature"
			}]
		}
	},{
		"type":{
			"oid":"2.5.29.37",
			"description":"extendedKeyUsage"
		},
		"required":true,
		"inRequest":"optional",
		"extendedKeyUsage":{
			"usages":[{
				"required":true,
				"oid":"1.3.6.1.5.5.7.3.1",
				"description":"TLS WWW server authentication"
			},{
				"required":false,
				"oid":"1.3.6.1.5.5.7.3.2",
				"description":"TLS WWW client authentication"
			}]
		}
	}]
}