{
	"metadata":{
		"details":"certprofile tls with montmomery 25519 curves",
		"category":"A"
	},
	"version":"v3",
	"certDomain":"RFC5280",
	"certLevel":"EndEntity",
	"maxSize":4500,
	"validity":"2y",
	"notBeforeTime":"current",
	"keypairGeneration":{
		"inheritCA":false,
		"forbidden":false,
		"algorithm":{
			"oid":"1.3.101.110",
			"description":"X25519"
		},
		"keyType":"X25519"
	},
	"signatureAlgorithms":[
		"Ed25519","Ed448"
	],
	"keyAlgorithms":[{
		"algorithms":[{
			"oid":"1.3.101.110",
			"description":"X25519"
		}]
	}],
	"subject":{
		"rdns":[{
			"type":{
				"oid":"2.5.4.6",
				"description":"c"
			}
		},{
			"type":{
				"oid":"2.5.4.10",
				"description":"o"
			},
			"minOccurs":0
		},{
			"type":{
				"oid":"2.5.4.11",
				"description":"ou"
			},
			"minOccurs":0
		},{
			"type":{
				"oid":"2.5.4.5",
				"description":"serialNumber"
			},
			"minOccurs":0
		},{
			"type":{
				"oid":"2.5.4.3",
				"description":"cn"
			},
			"regex":":FQDN"
		}]
	},
	"subjectToSubjectAltNames":[{
		"source":{
			"oid":"2.5.4.3",
			"description":"cn"
		},
		"target":"DNSName"
	}],
	"extensions":[{
		"type":{
			"oid":"2.5.29.15",
			"description":"keyUsage"
		},
		"critical":true,
		"required":true,
		"inRequest":"optional",
		"keyUsage":{
			"usages":[{
				"required":true,
				"value":"keyAgreement"
			}]
		}
	},{
		"type":{
			"oid":"2.5.29.14",
			"description":"subjectKeyIdentifier"
		},
		"required":true
	},{
		"type":{
			"oid":"2.5.29.31",
			"description":"cRLDistributionPoints"
		}
	},{
		"type":{
			"oid":"2.5.29.46",
			"description":"freshestCRL"
		}
	},{
		"type":{
			"oid":"2.5.29.17",
			"description":"subjectAlternativeName"
		},
		"required":true,
		"inRequest":"optional",
		"subjectAltName":{
			"modes":["DNSName","IPAddress"]
		}
	},{
		"type":{
			"oid":"2.5.29.19",
			"description":"basicConstraints"
		},
		"critical":true,
		"required":true
	},{
		"type":{
			"oid":"1.3.6.1.5.5.7.1.1",
			"description":"authorityInfoAccess"
		},
		"required":true,
		"authorityInfoAccess":{
			"includeCaIssuers":true,
			"includeOcsp":true,
			"caIssuersProtocols":["http"],
			"ocspProtocols":["http"]
		}
	},{
		"type":{
			"oid":"2.5.29.35",
			"description":"authorityKeyIdentifier"
		},
		"required":true
	},{
		"type":{
			"oid":"2.5.29.37",
			"description":"extendedKeyUsage"
		},
		"required":true,
		"inRequest":"optional",
		"extendedKeyUsage":{
			"usages":[{
				"required":true,
				"oid":"1.3.6.1.5.5.7.3.1",
				"description":"TLS WWW server authentication"
			},{
				"required":true,
				"oid":"1.3.6.1.5.5.7.3.2",
				"description":"TLS WWW client authentication"
			}]
		}
	}]
}