{
	"metadata":{
		"details":"certprofile RootCA (CA/Browser Forum BR)",
		"category":"A"
	},
	"version":"v3",
	"certDomain":"CABForumBR",
	"certLevel":"RootCA",
	"maxSize":4500,
	"validity":"10y",
	"notBeforeTime":"current",
	"signatureAlgorithms":[
		// RSA
		"SHA512withRSA","SHA384withRSA","SHA256withRSA",
		// DSA
		"SHA512withDSA","SHA384withDSA","SHA256withDSA",
		// ECDSA
		"SHA512withECDSA","SHA384withECDSA","SHA256withECDSA",
		// RSA-PSS
		"SHA512withRSAandMGF1","SHA384withRSAandMGF1","SHA256withRSAandMGF1"
	],
	"keyAlgorithms":[{
		"algorithms":[{
			"oid":"1.2.840.113549.1.1.1",
			"description":"RSA"
		}],
		"parameters":{
			"rsa":{
				"modulus":[2048,3072,4096]
			}
		}
	},{
		"algorithms":[{
			"oid":"1.2.840.10040.4.1",
			"description":"DSA"
		}],
		"parameters":{
			"dsa":{
				"p":[1024,2048,3072],
				"q":[160,224,256]
			}
		}
	},{
		"algorithms":[{
			"oid":"1.2.840.10045.2.1",
			"description":"EC"
		}],
		"parameters":{
			"ec":{
				"curves":[{
					"oid":"1.2.840.10045.3.1.7",
					"description":"P-256"
				},{
					"oid":"1.3.132.0.34",
					"description":"P-384"
				},{
					"oid":"1.3.132.0.35",
					"description":"P-521"
				}],
				"pointEncodings":[4]
			}
		}
	}],
	"subject":{
		"rdns":[{
			"type":{
				"oid":"2.5.4.6",
				"description":"c"
			}
		},{
			"type":{
				"oid":"2.5.4.10",
				"description":"o"
			}
		},{
			"type":{
				"oid":"2.5.4.11",
				"description":"ou"
			},
			"minOccurs":0
		},{
			"type":{
				"oid":"2.5.4.5",
				"description":"serialNumber"
			},
			"minOccurs":0
		},{
			"type":{
				"oid":"2.5.4.3",
				"description":"cn"
			}
		}]
	},
	"subjectToSubjectAltNames":[],
	"extensions":[{
		"type":{
			"oid":"2.5.29.14",
			"description":"subjectKeyIdentifier"
		},
		"required":true
	},{
		"type":{
			"oid":"2.5.29.19",
			"description":"basicConstraints"
		},
		"critical":true,
		"required":true
	},{
		"type":{
			"oid":"2.5.29.15",
			"description":"keyUsage"
		},
		"critical":true,
		"required":true,
		"inRequest":"optional",
		"keyUsage":{
			"usages":[{
				"required":true,
				"value":"keyCertSign"
			},{
				"required":true,
				"value":"cRLSign"
			}]
		}
	}]
}