{
	"metadata":{
		"details":"certprofile ee-complex",
		"category":"A"
	},
	"version":"v3",
	"certDomain":"RFC5280",
	"certLevel":"EndEntity",
	"maxSize":4500,
	"validity":"5y",
	"notBeforeTime":"midnight",
	"keypairGeneration":{
		"inheritCA":true,
		"forbidden":false
	},
	"signatureAlgorithms":[
		// RSA
		"SHA3-512withRSA","SHA3-384withRSA","SHA3-256withRSA","SHA3-224withRSA",
		"SHA512withRSA","SHA384withRSA","SHA256withRSA","SHA1withRSA",
		// DSA
		"SHA3-512withDSA","SHA3-384withDSA","SHA3-256withDSA","SHA3-224withDSA",
		"SHA512withDSA","SHA384withDSA","SHA256withDSA","SHA1withDSA",
		// ECDSA
		"SHA3-512withECDSA","SHA3-384withECDSA","SHA3-256withECDSA","SHA3-224withECDSA",
		"SHA512withECDSA","SHA384withECDSA","SHA256withECDSA","SHA1withECDSA",
		"SHAKE128withECDSA","SHAKE256withECDSA",
		// RSA-PSS
		"SHA3-512withRSAandMGF1","SHA3-384withRSAandMGF1","SHA3-256withRSAandMGF1","SHA3-224withRSAandMGF1",
		"SHA512withRSAandMGF1","SHA384withRSAandMGF1","SHA256withRSAandMGF1","SHA1withRSAandMGF1",
		"SHAKE128withRSAPSS","SHAKE256withRSAPSS",
		// Plain ECDSA
		"SHA512withPlainECDSA","SHA384withPlainECDSA","SHA256withPlainECDSA","SHA1withPlainECDSA",
		// SM2
		"SM3withSM2",
		// Edwards
		"Ed25519","Ed448"
	],
	"keyAlgorithms":[{
		"algorithms":[{
			"oid":"1.2.840.113549.1.1.1",
			"description":"RSA"
		}],
		"parameters":{
			"rsa":{
				"modulus":[2048,3072,4096]
			}
		}
	},{
		"algorithms":[{
			"oid":"1.2.840.10040.4.1",
			"description":"DSA"
		}],
		"parameters":{
			"dsa":{
				"p":[1024,2048,3072],
				"q":[160,224,256]
			}
		}
	},{
		"algorithms":[{
			"oid":"1.2.840.10045.2.1",
			"description":"EC"
		}],
		"parameters":{
			"ec":{
				"curves":[{
					"oid":"1.2.840.10045.3.1.7",
					"description":"P-256"
				},{
					"oid":"1.3.132.0.34",
					"description":"P-384"
				},{
					"oid":"1.3.132.0.35",
					"description":"P-521"
				},{
					"oid":"1.3.36.3.3.2.8.1.1.7",
					"description":"brainpoolp256r1"
				},{
					"oid":"1.3.36.3.3.2.8.1.1.11",
					"description":"brainpoolp384r1"
				},{
					"oid":"1.3.36.3.3.2.8.1.1.13",
					"description":"brainpoolp512r1"
				},{
					"oid":"1.2.156.10197.1.301",
					"description":"sm2p256v1"
				}],
				"pointEncodings":[4]
			}
		}
	}],
	"subject":{
		"rdns":[{
			"type":{
				"oid":"2.5.4.3",
				"description":"CN"
			}
		},{
			"type":{
				"oid":"2.5.4.6",
				"description":"C"
			}
		},{
			"type":{
				"oid":"2.5.4.10",
				"description":"O"
			}
		},{
			"type":{
				"oid":"2.5.4.11",
				"description":"OU"
			},
			"minOccurs":0
		},{
			"type":{
				"oid":"2.5.4.5",
				"description":"SERIALNUMBER"
			},
			"minOccurs":0
		},{
			"type":{
				"oid":"1.3.6.1.5.5.7.9.1",
				"description":"dateOfBirth"
			},
			"minOccurs":0
		},{
			"type":{
				"oid":"2.5.4.16",
				"description":"PostalAddress"
			},
			"minOccurs":0
		},{
			"type":{
				"oid":"0.9.2342.19200300.100.1.1",
				"description":"UID"
			}
		},{
			"type":{
				"oid":"1.3.6.1.4.1.311.60.2.1.3",
				"description":"jurisdictionOfIncorporationCountryName"
			}
		},{
			"type":{
				"oid":"1.3.6.1.4.1.311.60.2.1.1",
				"description":"jurisdictionOfIncorporationLocalityName"
			}
		},{
			"type":{
				"oid":"1.3.6.1.4.1.311.60.2.1.2",
				"description":"jurisdictionOfIncorporationStateOrProvinceName"
			}
		},{
			"type":{
				"oid":"1.3.36.8.3.3",
				"description":"admission"
			},
			"minOccurs":0,
			"maxOccurs":99,
			"notInSubject":true
		}]
	},
	"subjectToSubjectAltNames":[],
	"extensions":[{
		"type":{
			"oid":"2.5.29.14",
			"description":"subjectKeyIdentifier"
		},
		"required":true
	},{
		"type":{
			"oid":"2.5.29.31",
			"description":"cRLDistributionPoints"
		}
	},{
		"type":{
			"oid":"2.5.29.46",
			"description":"freshestCRL"
		}
	},{
		"type":{
			"oid":"2.5.29.19",
			"description":"basicConstraints"
		},
		"required":true
	},{
		"type":{
			"oid":"1.3.6.1.5.5.7.1.1",
			"description":"authorityInfoAccess"
		},
		"required":true,
		"authorityInfoAccess":{
			"includeCaIssuers":true,
			"includeOcsp":true,
			"caIssuersProtocols":["http"],
			"ocspProtocols":["http"]
		}
	},{
		"type":{
			"oid":"2.5.29.35",
			"description":"authorityKeyIdentifier"
		},
		"required":true,
		"authorityKeyIdentifier":{
			"useIssuerAndSerial":true
		}
	},{
		"type":{
			"oid":"2.5.29.15",
			"description":"keyUsage"
		},
		"critical":true,
		"required":true,
		"inRequest":"optional",
		"keyUsage":{
			"usages":[{
				"required":true,
				"value":"digitalSignature"
			},{
				"required":true,
				"value":"dataEncipherment"
			},{
				"required":true,
				"value":"keyEncipherment"
			}]
		}
	},{
		"type":{
			"oid":"2.5.29.37",
			"description":"extendedKeyUsage"
		},
		"required":true,
		"inRequest":"optional",
		"extendedKeyUsage":{
			"usages":[{
				"required":true,
				"oid":"1.3.6.1.5.5.7.3.1",
				"description":"TLS WWW server authentication"
			},{
				"required":false,
				"oid":"1.3.6.1.5.5.7.3.2",
				"description":"TLS WWW client authentication"
			}]
		}
	},{
		"type":{
			"oid":"1.3.6.1.5.5.7.1.24",
			"description":"tlsFeature"
		},
		"critical":true,
		"required":true,
		"tlsFeature":{
			"features":[{
				"value":2,
				"description":"client_certificate_url"
			},{
				"value":5,
				"description":"status_request"
			}]
		}
	},{
		"type":{
			"oid":"1.3.36.8.3.3",
			"description":"admission"
		},
		"required":true,
		"inRequest":"required",
		"admissionSyntax":{
			"admissionAuthority":"pDQwMjELMAkGA1UEBhMCREUxIzAhBgNVBAMMGmFkbWlzc2lvbkF1dGhvcml0eSBsZXZlbCAx",
			"contentsOfAdmissions":[{
				"admissionAuthority":"pDQwMjELMAkGA1UEBhMCREUxIzAhBgNVBAMMGmFkbWlzc2lvbkF1dGhvcml0eSBsZXZlbCAy",
				"namingAuthority":{
					"oid":{
						"oid":"1.2.3.4.5"
					},
					"url":"http://naming-authority-level2.myorg.org",
					"text":"namingAuthrityText level 2"
				},
				"professionInfos":[{
					"namingAuthority":{
						"oid":{
							"oid":"1.2.3.4.5"
						},
						"url":"http://naming-authority-level3.myorg.org",
						"text":"namingAuthrityText level 3"
					},
					"professionOids":[{
						"oid":"1.2.3.4",
						"description":"demo oid"
					}],
					"professionItems":["demo item"],
					"registrationNumber":{
						"regex":"a*b"
					},
					"addProfessionInfo":"AQIDBA=="
				}]
			}]
		}
	},{
		"type":{
			"oid":"1.3.36.8.3.8",
			"description":"restriction"
		},
		"required":true,
		"restriction":{
			"type":"utf8String",
			"text":"demo restriction"
		}
	},{
		"type":{
			"oid":"1.3.36.8.3.15",
			"description":"additionalInformation"
		},
		"required":true,
		"inRequest":"required",
		"additionalInformation":{
			"type":"utf8String",
			"text":"demo additional information"
		}
	},{
		"type":{
			"oid":"1.3.6.1.4.1.8301.3.5",
			"description":"validityModel"
		},
		"required":true,
		"validityModel":{
			"modelId":{
				"oid":"1.3.6.1.4.1.8301.3.5.1",
				"description":"chain"
			}
		}
	},{
		"type":{
			"oid":"2.5.29.16",
			"description":"privateKeyUsagePeriod"
		},
		"required":true,
		"privateKeyUsagePeriod":{
			"validity":"3y"
		}
	},{
		"type":{
			"oid":"1.3.6.1.5.5.7.1.3",
			"description":"qCStatements"
		},
		"required":true,
		"inRequest":"optional",
		"qcStatements":{
			"qcStatements":[{
				"statementId":{
					"oid":"0.4.0.1862.1.1",
					"description":"etsi-qcs-QcCompliance"
				}
			},{
				"statementId":{
					"oid":"0.4.0.1862.1.4",
					"description":"etsi-qcs-QcSSCD"
				}
			},{
				"statementId":{
					"oid":"0.4.0.1862.1.3",
					"description":"etsi-qcs-QcRetentionPeriod"
				},
				"statementValue":{
					"qcRetentionPeriod":10
				}
			},{
				"statementId":{
					"oid":"0.4.0.1862.1.2",
					"description":"etsi-qcs-QcLimitValue"
				},
				"statementValue":{
					"qcEuLimitValue":{
						"currency":"EUR",
						"amount":{
							"min":100,
							"max":200
						},
						"exponent":{
							"min":10,
							"max":20
						}
					}
				}
			},{
				"statementId":{
					"oid":"0.4.0.1862.1.5"
				},
				"statementValue":{
					"pdsLocations":[{
						"url":"http://pki.myorg.org/pds/en",
						"language":"en"
					},{
						"url":"http://pki.myorg.org/pds/de",
						"language":"de"
					}]
				}
			},{
				"statementId":{
					"oid":"1.2.3.4.5",
					"description":"dummy"
				},
				"statementValue":{
					"constant":{
						"value":"BQA=",
						"description":"DER NULL"
					}
				}
			}]
		}
	},{
		"type":{
			"oid":"1.3.6.1.5.5.7.1.2",
			"description":"biometricInfo"
		},
		"required":true,
		"inRequest":"required",
		"biometricInfo":{
			"types":[{
				"predefined":{
					"value":0,
					"description":"image"
				}
			},{
				"predefined":{
					"value":1,
					"description":"handwritten-signature"
				}
			},{
				"oid":{
					"oid":"1.2.3.4.5.6",
					"description":"dummy biometric type"
				}
			}],
			"hashAlgorithms":[{
				"oid":"2.16.840.1.101.3.4.2.1",
				"description":"SHA256"
			},{
				"oid":"2.16.840.1.101.3.4.2.2",
				"description":"SHA384"
			}],
			"includeSourceDataUri":"required"
		}
	},{
		"type":{
			"oid":"2.5.29.17",
			"description":"subjectAlternativeName"
		},
		"critical":true,
		"required":true,
		"inRequest":"required",
		"subjectAltName":{
			"modes":["rfc822Name","DNSName","directoryName","ediPartyName","uniformResourceIdentifier","IPAddress","registeredID","otherName:1.2.3.1,1.2.3.2"]
		}
	},{
		"type":{
			"oid":"1.3.6.1.4.1.41577.5.6",
			"description":"CCC VehicleOEM.Sig.Cert"
		},
		"critical":true,
		"required":true,
		"cccExtensionSchema":{
			"version":1
		}
	},{
		"type":{
			"oid":"1.3.6.1.5.5.7.1.11",
			"description":"subjectInfoAccess"
		},
		"required":true,
		"inRequest":"required",
		"subjectInfoAccess":{
			"accesses":[{
				"accessMethod":{
					"oid":"1.3.6.1.5.5.7.48.5",
					"description":"ad-caRepository"
				},
				"accessLocation":{
					"modes":["rfc822Name","DNSName","directoryName","ediPartyName","uniformResourceIdentifier","IPAddress","registeredID","otherName:1.2.3.1,1.2.3.2"]
				}
			},{
				"accessMethod":{
					"oid":"2.3.4.1"
				},
				"accessLocation":{
					"modes":["rfc822Name","DNSName","directoryName","ediPartyName","uniformResourceIdentifier","IPAddress","registeredID","otherName:1.2.3.1,1.2.3.2"]
				}
			},{
				"accessMethod":{
					"oid":"2.3.4.2"
				},
				"accessLocation":{
					"modes":["rfc822Name","DNSName","directoryName","ediPartyName","uniformResourceIdentifier","IPAddress","registeredID","otherName:1.2.3.1,1.2.3.2"]
				}
			},{
				"accessMethod":{
					"oid":"2.3.4.3"
				},
				"accessLocation":{
					"modes":["rfc822Name","DNSName","directoryName","ediPartyName","uniformResourceIdentifier","IPAddress","registeredID","otherName:1.2.3.1,1.2.3.2"]
				}
			},{
				"accessMethod":{
					"oid":"2.3.4.4"
				},
				"accessLocation":{
					"modes":["rfc822Name","DNSName","directoryName","ediPartyName","uniformResourceIdentifier","IPAddress","registeredID","otherName:1.2.3.1,1.2.3.2"]
				}
			},{
				"accessMethod":{
					"oid":"2.3.4.5"
				},
				"accessLocation":{
					"modes":["rfc822Name","DNSName","directoryName","ediPartyName","uniformResourceIdentifier","IPAddress","registeredID","otherName:1.2.3.1,1.2.3.2"]
				}
			},{
				"accessMethod":{
					"oid":"2.3.4.6"
				},
				"accessLocation":{
					"modes":["rfc822Name","DNSName","directoryName","ediPartyName","uniformResourceIdentifier","IPAddress","registeredID","otherName:1.2.3.1,1.2.3.2"]
				}
			},{
				"accessMethod":{
					"oid":"2.3.4.7"
				},
				"accessLocation":{
					"modes":["rfc822Name","DNSName","directoryName","ediPartyName","uniformResourceIdentifier","IPAddress","registeredID","otherName:1.2.3.1,1.2.3.2"]
				}
			},{
				"accessMethod":{
					"oid":"2.3.4.8"
				},
				"accessLocation":{
					"modes":["rfc822Name","DNSName","directoryName","ediPartyName","uniformResourceIdentifier","IPAddress","registeredID","otherName:1.2.3.1,1.2.3.2"]
				}
			},{
				"accessMethod":{
					"oid":"2.3.4.9"
				},
				"accessLocation":{
					"modes":["rfc822Name","DNSName","directoryName","ediPartyName","uniformResourceIdentifier","IPAddress","registeredID","otherName:1.2.3.1,1.2.3.2"]
				}
			},{
				"accessMethod":{
					"oid":"2.3.4.10"
				},
				"accessLocation":{
					"modes":["rfc822Name","DNSName","directoryName","ediPartyName","uniformResourceIdentifier","IPAddress","registeredID","otherName:1.2.3.1,1.2.3.2"]
				}
			}]
		}
	}]
}